"","V1","V2"
"1",1,15
"2",1,16
"3",1,21
"4",1,22
"5",1,27
"6",1,44
"7",2,5
"8",2,10
"9",2,11
"10",2,22
"11",2,31
"12",2,42
"13",2,44
"14",3,4
"15",3,6
"16",3,9
"17",3,13
"18",3,14
"19",3,25
"20",3,39
"21",3,43
"22",4,3
"23",4,12
"24",4,14
"25",4,29
"26",4,34
"27",5,2
"28",5,10
"29",5,11
"30",5,15
"31",5,22
"32",5,35
"33",5,36
"34",5,45
"35",6,3
"36",6,16
"37",6,17
"38",6,19
"39",6,28
"40",6,45
"41",7,14
"42",7,16
"43",7,26
"44",7,27
"45",7,36
"46",7,40
"47",8,19
"48",8,21
"49",8,22
"50",8,38
"51",8,48
"52",9,3
"53",9,19
"54",9,29
"55",9,30
"56",9,39
"57",9,45
"58",9,49
"59",10,2
"60",10,5
"61",10,15
"62",10,16
"63",10,35
"64",10,40
"65",10,50
"66",11,2
"67",11,5
"68",11,31
"69",11,37
"70",12,4
"71",12,30
"72",12,31
"73",12,32
"74",12,39
"75",13,3
"76",13,14
"77",13,23
"78",13,30
"79",13,33
"80",13,42
"81",13,43
"82",13,46
"83",14,3
"84",14,4
"85",14,7
"86",14,13
"87",14,20
"88",14,24
"89",14,34
"90",14,37
"91",14,43
"92",15,1
"93",15,5
"94",15,10
"95",15,21
"96",15,22
"97",15,25
"98",15,28
"99",15,30
"100",15,39
"101",15,44
"102",15,45
"103",16,1
"104",16,6
"105",16,7
"106",16,10
"107",16,21
"108",16,23
"109",16,26
"110",16,48
"111",17,6
"112",17,27
"113",17,47
"114",17,50
"115",18,28
"116",18,34
"117",18,36
"118",18,48
"119",19,6
"120",19,8
"121",19,9
"122",19,22
"123",19,26
"124",19,27
"125",19,28
"126",19,29
"127",19,45
"128",19,48
"129",20,14
"130",20,26
"131",20,30
"132",20,40
"133",20,41
"134",20,43
"135",21,1
"136",21,8
"137",21,15
"138",21,16
"139",21,29
"140",21,41
"141",21,45
"142",22,1
"143",22,2
"144",22,5
"145",22,8
"146",22,15
"147",22,19
"148",22,33
"149",22,42
"150",23,13
"151",23,16
"152",23,26
"153",23,33
"154",23,34
"155",23,47
"156",23,50
"157",24,14
"158",24,34
"159",24,44
"160",24,47
"161",25,3
"162",25,15
"163",25,29
"164",25,35
"165",25,36
"166",25,38
"167",25,41
"168",25,46
"169",25,48
"170",26,7
"171",26,16
"172",26,19
"173",26,20
"174",26,23
"175",26,36
"176",26,38
"177",26,41
"178",27,1
"179",27,7
"180",27,17
"181",27,19
"182",27,35
"183",27,47
"184",28,6
"185",28,15
"186",28,18
"187",28,19
"188",28,46
"189",29,4
"190",29,9
"191",29,19
"192",29,21
"193",29,25
"194",29,32
"195",29,36
"196",29,49
"197",30,9
"198",30,12
"199",30,13
"200",30,15
"201",30,20
"202",30,49
"203",31,2
"204",31,11
"205",31,12
"206",31,39
"207",31,45
"208",32,12
"209",32,29
"210",32,39
"211",32,43
"212",33,13
"213",33,22
"214",33,23
"215",33,42
"216",33,50
"217",34,4
"218",34,14
"219",34,18
"220",34,23
"221",34,24
"222",34,37
"223",34,44
"224",35,5
"225",35,10
"226",35,25
"227",35,27
"228",35,38
"229",35,40
"230",35,45
"231",35,50
"232",36,5
"233",36,7
"234",36,18
"235",36,25
"236",36,26
"237",36,29
"238",36,41
"239",36,46
"240",36,48
"241",37,11
"242",37,14
"243",37,34
"244",37,38
"245",37,43
"246",37,47
"247",38,8
"248",38,25
"249",38,26
"250",38,35
"251",38,37
"252",38,43
"253",39,3
"254",39,9
"255",39,12
"256",39,15
"257",39,31
"258",39,32
"259",39,49
"260",40,7
"261",40,10
"262",40,20
"263",40,35
"264",40,48
"265",40,50
"266",41,20
"267",41,21
"268",41,25
"269",41,26
"270",41,36
"271",41,49
"272",42,2
"273",42,13
"274",42,22
"275",42,33
"276",42,47
"277",42,50
"278",43,3
"279",43,13
"280",43,14
"281",43,20
"282",43,32
"283",43,37
"284",43,38
"285",44,1
"286",44,2
"287",44,15
"288",44,24
"289",44,34
"290",44,47
"291",45,5
"292",45,6
"293",45,9
"294",45,15
"295",45,19
"296",45,21
"297",45,31
"298",45,35
"299",46,13
"300",46,25
"301",46,28
"302",46,36
"303",47,17
"304",47,23
"305",47,24
"306",47,27
"307",47,37
"308",47,42
"309",47,44
"310",47,50
"311",48,8
"312",48,15
"313",48,16
"314",48,18
"315",48,19
"316",48,25
"317",48,36
"318",48,40
"319",49,9
"320",49,29
"321",49,30
"322",49,39
"323",49,41
"324",50,10
"325",50,17
"326",50,23
"327",50,33
"328",50,35
"329",50,40
"330",50,42
"331",50,47
